USE DB142;

INSERT INTO Customer VALUES ('00000001', 'Ioannis Pistolis', 'Nikou D. 5', '165165115', '694842840');
INSERT INTO Customer VALUES ('00000002', 'Petros Athanasiadis', 'Panormou 12', '165121326', '697846548');
INSERT INTO Customer VALUES ('00000003', 'Athanasios Tzikas', 'Dimou 3', '165650564', '698456545');
INSERT INTO Customer VALUES ('00000004', 'Maria Gerodimitriou', 'Skertzou 2', '122424321', '694335984');
INSERT INTO Customer VALUES ('00000005', 'Konstadinos Keramidas', 'Mytara 7', '065651055', '699986544');
INSERT INTO Customer VALUES ('00000006', 'Anastasia Thomopoulou', 'Nonta 4', '016846846', '210684684');
INSERT INTO Customer VALUES ('00000007', 'Stayroula Gogoulou', 'Dimou 7', '154065651', '210684654');
INSERT INTO Customer VALUES ('00000008', 'Giorgos Dimas', 'Kitsou 8', '116516065', '211565485');
INSERT INTO Customer VALUES ('00000009', 'Katerina Papa', 'Praxitelous 21', '016234846', '213546684');
INSERT INTO Customer VALUES ('00000010', 'Spyros Konstadopoulos', 'Agiou Dimitriou 71', '197065651', '210468451')

INSERT INTO Account VALUES ('000000001', '503,12', '2001-05-21', 'DP32');
INSERT INTO Account VALUES ('000000002', '4,32', '1998-04-06', 'DP27');
INSERT INTO Account VALUES ('000000003', '4600,14', '1995-02-22', 'DP8');
INSERT INTO Account VALUES ('000000004', '5799,547', '1992-01-08', 'DP17');
INSERT INTO Account VALUES ('000000005', '7848,057', '2004-04-15', 'DP21');
INSERT INTO Account VALUES ('000000006', '9896,567', '1999-05-31', 'DP32');
INSERT INTO Account VALUES ('000000007', '11945,08', '2005-04-17', 'DP27');
INSERT INTO Account VALUES ('000000008', '1399,7', '2004-07-15', 'DP12');
INSERT INTO Account VALUES ('000000009', '16042,09', '1999-09-30', 'DP4');
INSERT INTO Account VALUES ('000000010', '30684,48', '2005-04-17', 'DP7');

INSERT INTO Checking VALUES ('000000001', '2000');
INSERT INTO Checking VALUES ('000000004', '1500');
INSERT INTO Checking VALUES ('000000006', '1200');
INSERT INTO Checking VALUES ('000000010', '5000');

INSERT INTO Savings VALUES ('000000002', '2');
INSERT INTO Savings VALUES ('000000003', '2');
INSERT INTO Savings VALUES ('000000005', '1');
INSERT INTO Savings VALUES ('000000007', '1');
INSERT INTO Savings VALUES ('000000008', '1');
INSERT INTO Savings VALUES ('000000009', '2');


INSERT INTO Card VALUES ('0000000000000001', '2001-05-21', '2009-05-31', '100000', '1', '503,12');
INSERT INTO Card VALUES ('0000000000000002', '1998-04-06', '2006-04-30', '10000', '2', '4,32');
INSERT INTO Card VALUES ('0000000000000003', '1995-02-22', '2003-02-28', '100000', '2', '4600,14');
INSERT INTO Card VALUES ('0000000000000004', '1992-01-08', '2000-01-31', '10000', '1', '5799,547');
INSERT INTO Card VALUES ('0000000000000005', '2004-04-15', '2012-04-30', '10000', '1', '7848,057');
INSERT INTO Card VALUES ('0000000000000006', '1999-05-31', '2007-05-31', '10000', '1', '9896,567');
INSERT INTO Card VALUES ('0000000000000007', '2005-04-17', '2013-04-30', '100000', '1', '11945,08');
INSERT INTO Card VALUES ('0000000000000008', '2004-07-15', '2012-07-31', '10000', '1', '1399,7');
INSERT INTO Card VALUES ('0000000000000009', '1999-09-30', '2007-09-30', '10000', '2', '16042,09');
INSERT INTO Card VALUES ('0000000000000010', '2005-04-17', '2013-04-30', '100000', '3', '30684,48');

INSERT INTO Location VALUES ('00001', 'Ampelokipoi', '15356', '1201.5');
INSERT INTO Location VALUES ('00002', 'Neos Kosmos', '21353', '2104.21');
INSERT INTO Location VALUES ('00003', 'Glyfada', '9912', '4032.1');
INSERT INTO Location VALUES ('00004', 'Peiraias', '13421', '871.43');
INSERT INTO Location VALUES ('00005', 'Kallithea', '18029', '1006.5');
INSERT INTO Location VALUES ('00006', 'Marousi', '16332', '2391');
INSERT INTO Location VALUES ('00007', 'Egaleo', '22134', '1034.87');

INSERT INTO Shop VALUES ('000001', 'Sklavenitis', '001', '00001');
INSERT INTO Shop VALUES ('000002', 'IKEA', '052', '00006');
INSERT INTO Shop VALUES ('000003', 'Plaisio', '013', '00001');
INSERT INTO Shop VALUES ('000004', 'Vasilopoulos', '001', '00004');
INSERT INTO Shop VALUES ('000005', 'Gazi College', '005', '00005');


INSERT INTO Transac VALUES ('000000000001', '24,99', '2004-04-09 13:31:19', '000001', '0134');
INSERT INTO Transac VALUES ('000000000002', '109,99', '1999-12-19 11:11:56', '000002', '0112');
INSERT INTO Transac VALUES ('000000000003', '489,89', '1996-07-30 12:00:21', '000003', '0134');
INSERT INTO Transac VALUES ('000000000004', '21,97', '1992-01-09 09:18:46', '000001', '0209');
INSERT INTO Transac VALUES ('000000000005', '2,29', '2004-04-22 22:10:52', '000003', '0209');
INSERT INTO Transac VALUES ('000000000006', '8,90', '1999-09-15 16:01:24', '000004', '0112');
INSERT INTO Transac VALUES ('000000000007', '31,91', '2009-11-28 11:15:21', '000004', '0134');
INSERT INTO Transac VALUES ('000000000008', '57,24', '2006-02-21 08:09:31', '000001', '0209');
INSERT INTO Transac VALUES ('000000000009', '21,90', '2000-03-02 02:57:49', '000003', '0054');
INSERT INTO Transac VALUES ('000000000010', '4,99', '2006-02-07 21:10:20', '000002', '0134');

INSERT INTO Payment VALUES ('00000001','1', '2004-08-31 12:19:41', '8,33');
INSERT INTO Payment VALUES ('00000001','2', '2004-09-30 12:57:10', '8,33');
INSERT INTO Payment VALUES ('00000002','1', '1999-12-16 11:18:24', '55,00');
INSERT INTO Payment VALUES ('00000003','1', '1999-07-24 18:06:51', '125,40');
INSERT INTO Payment VALUES ('00000002','2', '2000-03-16 10:59:30', '54,99');
INSERT INTO Payment VALUES ('00000007','1', '2011-09-05 20:26:22', '20,79');
INSERT INTO Payment VALUES ('00000001','3', '2005-01-31 15:01:36', '8,33');
INSERT INTO Payment VALUES ('00000008','1', '2007-10-29 14:12:53', '28,12');

UPDATE Payment
SET PaymentID='00000001'
WHERE PaymentID='00000007' AND PaymentNumber='3'